ID,競技,種目,順位,選手,チーム,記録
1,競泳,男子50m自由形,1,ケーレブ・ドレセル,アメリカ,21.07
2,競泳,男子50m自由形,2,フローラン・マナドゥ,フランス,21.55
3,競泳,男子50m自由形,3,ブルーノ・フラトゥス,ブラジル,21.57
4,競泳,男子50m自由形,4,マイケル・アンドルー,アメリカ,21.60
5,競泳,男子50m自由形,5,ベンジャミン・プラウド,イギリス,21.72
6,競泳,男子50m自由形,5,クリスティアン・ゴロメーフ,ギリシャ,21.72
7,競泳,男子50m自由形,7,ロレンツォ・ザッツェリ,イタリア,21.78
8,競泳,男子50m自由形,8,トム・デブール,オランダ,21.79
9,競泳,男子100m自由形,1,ケーレブ・ドレセル,アメリカ,47.02
10,競泳,男子100m自由形,2,カイル・チャルマーズ,オーストラリア,47.08
11,競泳,男子100m自由形,3,クリメント・コレスニコフ,ROC,47.44
12,競泳,男子100m自由形,4,マキシム・グルセ,フランス,47.72
13,競泳,男子100m自由形,5,黄宣優,韓国,47.82
14,競泳,男子100m自由形,6,アレサンドロ・ミレシ,イタリア,47.86
15,競泳,男子100m自由形,7,ダビド・ポポビシ,ルーマニア,48.04
16,競泳,男子100m自由形,8,ナンドル・ネメト,ハンガリー,48.10
17,競泳,男子200m自由形,1,トム・ディーン,イギリス,1:44.22
18,競泳,男子200m自由形,2,ダンカン・スコット,イギリス,1:44.26
19,競泳,男子200m自由形,3,フェルナンド・シェフェル,ブラジル,1:44.66
20,競泳,男子200m自由形,4,ダビド・ポポビシ,ルーマニア,1:44.68
21,競泳,男子200m自由形,5,マルチン・マリュチン,ROC,1:45.01
22,競泳,男子200m自由形,6,キーラン・スミス,アメリカ,1:45.12
23,競泳,男子200m自由形,7,黄宣優,韓国,1:45.26
24,競泳,男子200m自由形,8,ダナス・ラプシス,リトアニア,1:45.78
25,競泳,男子400m自由形,1,アハメド・ハフナウーイ,チュニジア,3:43.36
26,競泳,男子400m自由形,2,ジャックアラン・マクラフリン,オーストラリア,3:43.52
27,競泳,男子400m自由形,3,キーラン・スミス,アメリカ,3:43.94
28,競泳,男子400m自由形,4,ヘニンクベネト・ミュールライトナー,ドイツ,3:44.07
29,競泳,男子400m自由形,4,フェリックス・アウベック,オーストリア,3:44.07
30,競泳,男子400m自由形,6,ガブリエレ・デッティ,イタリア,3:44.88
31,競泳,男子400m自由形,7,エリジャ・ウィニントン,オーストラリア,3:45.20
32,競泳,男子400m自由形,8,ジェーク・ミッチェル,アメリカ,3:45.39
33,競泳,男子800m自由形,1,ロバート・フィンケ,アメリカ,7:41.87
34,競泳,男子800m自由形,2,グレゴリオ・パルトリニエリ,イタリア,7:42.11
35,競泳,男子800m自由形,3,ミハイロ・ロマンチュク,ウクライナ,7:42.33
36,競泳,男子800m自由形,4,フロリアン・ウェルブロック,ドイツ,7:42.68
37,競泳,男子800m自由形,5,ジャックアラン・マクラフリン,オーストラリア,7:45.00
38,競泳,男子800m自由形,6,セルヒー・フロロフ,ウクライナ,7:45.11
39,競泳,男子800m自由形,7,フェリックス・アウベック,オーストリア,7:49.14
40,競泳,男子800m自由形,8,ギリェルメ・コスタ,ブラジル,7:53.31
41,競泳,男子1500m自由形,1,ロバート・フィンケ,アメリカ,14:39.65
42,競泳,男子1500m自由形,2,ミハイロ・ロマンチュク,ウクライナ,14:40.66
43,競泳,男子1500m自由形,3,フロリアン・ウェルブロック,ドイツ,14:40.91
44,競泳,男子1500m自由形,4,グレゴリオ・パルトリニエリ,イタリア,14:45.01
45,競泳,男子1500m自由形,5,ダニエル・ジャービス,イギリス,14:55.48
46,競泳,男子1500m自由形,6,キリル・マルティニチェフ,ROC,14:55.85
47,競泳,男子1500m自由形,7,フェリックス・アウベック,オーストリア,15:03.47
48,競泳,男子1500m自由形,8,セルヒー・フロロフ,ウクライナ,15:04.26
49,競泳,男子100m背泳ぎ,1,エフゲニー・リロフ,ROC,51.98
50,競泳,男子100m背泳ぎ,2,クリメント・コレスニコフ,ROC,52.00
51,競泳,男子100m背泳ぎ,3,ライアン・マーフィー,アメリカ,52.19
52,競泳,男子100m背泳ぎ,4,トマス・チェコン,イタリア,52.30
53,競泳,男子100m背泳ぎ,5,徐嘉余,中国,52.51
54,競泳,男子100m背泳ぎ,6,ウーゴ・ゴンサレス,スペイン,52.78
55,競泳,男子100m背泳ぎ,7,ミッチ・ラーキン,オーストラリア,52.79
56,競泳,男子100m背泳ぎ,8,ロベルト・グリンツァ,ルーマニア,52.95
57,競泳,男子200m背泳ぎ,1,エフゲニー・リロフ,ROC,1:53.27
58,競泳,男子200m背泳ぎ,2,ライアン・マーフィー,アメリカ,1:54.15
59,競泳,男子200m背泳ぎ,3,ルーク・グリーンバンク,イギリス,1:54.72
60,競泳,男子200m背泳ぎ,4,ブライス・メフォード,アメリカ,1:55.49
61,競泳,男子200m背泳ぎ,5,アダム・テレグディ,ハンガリー,1:56.15
62,競泳,男子200m背泳ぎ,6,ラドスワフ・カベツキ,ポーランド,1:56.39
63,競泳,男子200m背泳ぎ,7,入江陵介,日本,1:57.32
64,競泳,男子200m背泳ぎ,8,ニコラス・ガルシアサイス,スペイン,1:59.06
65,競泳,男子100m平泳ぎ,1,アダム・ピーティ,イギリス,57.37
66,競泳,男子100m平泳ぎ,2,アルノ・カミンハ,オランダ,58.00
67,競泳,男子100m平泳ぎ,3,ニコロ・マルティネンギ,イタリア,58.33
68,競泳,男子100m平泳ぎ,4,マイケル・アンドルー,アメリカ,58.84
69,競泳,男子100m平泳ぎ,5,ジェームズ・ウィルビー,イギリス,58.96
70,競泳,男子100m平泳ぎ,6,閻子貝,中国,58.99
71,競泳,男子100m平泳ぎ,6,アンドルー・ウィルソン,アメリカ,58.99
72,競泳,男子100m平泳ぎ,8,イリヤ・シマノビチ,ペラルーシ,59.36
73,競泳,男子200m平泳ぎ,1,イザーク・スタブルティクック,オーストラリア,2:06.38
74,競泳,男子200m平泳ぎ,2,アルノ・カミンハ,オランダ,2:07.01
75,競泳,男子200m平泳ぎ,3,マッティ・マトソン,フィンランド,2:07.13
76,競泳,男子200m平泳ぎ,4,アントン・チュプコフ,ROC,2:07.24
77,競泳,男子200m平泳ぎ,5,ニック・フィンク,アメリカ,2:07.93
78,競泳,男子200m平泳ぎ,6,ジェームズ・ウィルビー,イギリス,2:08.19
79,競泳,男子200m平泳ぎ,7,武良竜也,日本,2:08.42
80,競泳,男子200m平泳ぎ,8,エリク・パーション,スウェーデン,2:08.88
81,競泳,男子100mバタフライ,1,ケーレブ・ドレセル,アメリカ,49.45
82,競泳,男子100mバタフライ,2,クリシュトフ・ミラク,ハンガリー,49.68
83,競泳,男子100mバタフライ,3,ノエ・ポンティ,スイス,50.74
84,競泳,男子100mバタフライ,4,アンドレイ・ミナコフ,ROC,50.88
85,競泳,男子100mバタフライ,5,ヤクプ・マエルスキ,ポーランド,50.92
86,競泳,男子100mバタフライ,5,マシュー・テンプル,オーストラリア,50.92
87,競泳,男子100mバタフライ,7,ルイス　カルロス・マルティネス,グアテマラ,51.09
88,競泳,男子100mバタフライ,8,ジョシフ・ミラディノフ,ブルガリア,51.49
89,競泳,男子200mバタフライ,1,クリシュトフ・ミラク,ハンガリー,1:51.25
90,競泳,男子200mバタフライ,2,本多灯,日本,1:53.73
91,競泳,男子200mバタフライ,3,フェデリコ・ブルディソ,イタリア,1:54.45
92,競泳,男子200mバタフライ,4,タマシュ・ケンデレシ,ハンガリー,1:54.52
93,競泳,男子200mバタフライ,5,チャド・レクロー,南アフリカ,1:54.93
94,競泳,男子200mバタフライ,6,レオナルド・デデウス,ブラジル,1:55.19
95,競泳,男子200mバタフライ,7,グンナル・ベンツ,アメリカ,1:55.46
96,競泳,男子200mバタフライ,8,クシュシュトフ・フミエレフスキ,ポーランド,1:55.88
97,競泳,男子200m個人メドレー,1,汪順,中国,1:55.00
98,競泳,男子200m個人メドレー,2,ダンカン・スコット,イギリス,1:55.28
99,競泳,男子200m個人メドレー,3,ジェレミ・デプランシュ,スイス,1:56.17
100,競泳,男子200m個人メドレー,4,瀬戸大也,日本,1:56.22
101,競泳,男子200m個人メドレー,5,マイケル・アンドルー,アメリカ,1:57.31
102,競泳,男子200m個人メドレー,6,萩野公介,日本,1:57.49
103,競泳,男子200m個人メドレー,7,ラースロ・チェー,ハンガリー,1:57.68
104,競泳,男子200m個人メドレー,8,ルイス・クレアバート,ニュージーランド,1:57.70
105,競泳,男子400m個人メドレー,1,チェース・カリシュ,アメリカ,4:09.42
106,競泳,男子400m個人メドレー,2,ジェイ・リザーランド,アメリカ,4:10.28
107,競泳,男子400m個人メドレー,3,ブレンドン・スミス,オーストラリア,4:10.38
108,競泳,男子400m個人メドレー,4,ダビド・ベラスト,ハンガリー,4:10.59
109,競泳,男子400m個人メドレー,4,マックス・リッチフィールド,イギリス,4:10.59
110,競泳,男子400m個人メドレー,6,レオン・マルシャン,フランス,4:11.16
111,競泳,男子400m個人メドレー,7,ルイス・クレアバート,ニュージーランド,4:11.22
112,競泳,男子400m個人メドレー,8,アルベルト・ラツェッティ,イタリア,4:11.32
113,競泳,男子4×100mリレー,1,"ケーレブ・ドレセル,
ブレーク・ピエロニ,
ボーウェン・ベッカー,
ザック・アップル",アメリカ,3:08.97
114,競泳,男子4×100mリレー,2,"アレサンドロ・ミレシ,
トマス・チェコン,
ロレンツォ・ザッツェリ,
マヌエル・フリゴ",イタリア,3:10.11
115,競泳,男子4×100mリレー,3,"マシュー・テンプル,
ザック・インサーティ,
アレクサンダー・グレアム,
カイル・チャルマーズ",オーストラリア,3:10.22
116,競泳,男子4×100mリレー,4,"ブレント・ヘイデン,
ジョシュア・リエンドエドワーズ,
ユーリ・キシル,
マーカス・ソーマイヤー",カナダ,3:10.82
117,競泳,男子4×100mリレー,5,"クリシュトフ・ミラク,
セバスティアン・サボー,
リハルド・ボフシュ,
ナンドル・ネメト",ハンガリー,3:11.06
118,競泳,男子4×100mリレー,6,"マキシム・グルセ,
フローラン・マナドゥ,
クレマン・ミニョン,
メディ・メテラ",フランス,3:11.09
119,競泳,男子4×100mリレー,7,"アンドレイ・ミナコフ,
ウラジスラフ・グリネフ,
ウラジーミル・モロゾフ,
クリメント・コレスニコフ",ROC,3:12.20
120,競泳,男子4×100mリレー,8,"ブレノ・コレイア,
ペドロ・スパジャリ,
ガブリエル・サントス,
マルセロ・シエリギニ",ブラジル,3:13.41
121,競泳,男子4×200mリレー,1,"トム・ディーン,
ジェームズ・ガイ,
マシュー・リチャーズ,
ダンカン・スコット",イギリス,6:58.58
122,競泳,男子4×200mリレー,2,"マルチン・マリュチン,
イワン・ギレフ,
エフゲニー・リロフ,
ミハイル・ドブガリュク",ROC,7:01.81
123,競泳,男子4×200mリレー,3,"アレクサンダー・グレアム,
カイル・チャルマーズ,
ザック・インサーティ,
トーマス・ニール",オーストラリア,7:01.84
124,競泳,男子4×200mリレー,4,"キーラン・スミス,
ドルー・キブラー,
ザック・アップル,
タウンリー・ハース",アメリカ,7:02.43
125,競泳,男子4×200mリレー,5,"ステファノ・バロ,
マテオ・チャンピ,
フィリッポ・メリ,
ステファノ・ディコラ",イタリア,7:03.24
126,競泳,男子4×200mリレー,6,"アントニオ・ジャコビッチ,
ニルス・リース,
ノエ・ポンティ,
ロマン・ミチュコフ",スイス,7:06.12
127,競泳,男子4×200mリレー,7,"ルーカス・マルテンス,
ポール・ツェルマン,
ヘニンクベネト・ミュールライトナー,
ヤコプ・ハイドマン",ドイツ,7:06.51
128,競泳,男子4×200mリレー,8,"フェルナンド・シェフェル,
ムーリオ・セチンサルトリ,
ブレノ・コレイア,
ルイスアウタミル・メロ",ブラジル,7:08.22
129,競泳,男子4×100mメドレーリレー,1,"ライアン・マーフィー,
マイケル・アンドルー,
ケーレブ・ドレセル,
ザック・アップル",アメリカ,3:26.78
130,競泳,男子4×100mメドレーリレー,2,"ルーク・グリーンバンク,
アダム・ピーティ,
ジェームズ・ガイ,
ダンカン・スコット",イギリス,3:27.51
131,競泳,男子4×100mメドレーリレー,3,"トマス・チェコン,
ニコロ・マルティネンギ,
フェデリコ・ブルディソ,
アレサンドロ・ミレシ",イタリア,3:29.17
132,競泳,男子4×100mメドレーリレー,4,"エフゲニー・リロフ,
キリル・プリゴダ,
アンドレイ・ミナコフ,
クリメント・コレスニコフ",ROC,3:29.22
133,競泳,男子4×100mメドレーリレー,5,"ミッチ・ラーキン,
イザーク・スタブルティクック,
マシュー・テンプル,
カイル・チャルマーズ",オーストラリア,3:29.60
134,競泳,男子4×100mメドレーリレー,6,"入江陵介,
武良竜也,
水沼尚輝,
中村克",日本,3:29.91
135,競泳,男子4×100mメドレーリレー,7,"マーカス・ソーマイヤー,
ゲーブ・マストロマテオ,
ジョシュア・リエンドエドワーズ,
ユーリ・キシル",カナダ,3:32.42
136,競泳,男子4×100mメドレーリレー,失格,"徐嘉余,
閻子貝,
孫佳俊,
何峻毅",中国,記録なし
137,競泳,女子50m自由形,1,エマ・マキオン,オーストラリア,23.81
138,競泳,女子50m自由形,2,サラ・ショーストロム,スウェーデン,24.07
139,競泳,女子50m自由形,3,ペニレ・ブルム,デンマーク,24.21
140,競泳,女子50m自由形,4,ラノミ・クロモウィジョヨ,オランダ,24.30
141,競泳,女子50m自由形,5,カタジナ・バシツク,ポーランド,24.32
142,競泳,女子50m自由形,5,呉卿風,中国,24.32
143,競泳,女子50m自由形,7,ケート・キャンベル,オーストラリア,24.36
144,競泳,女子50m自由形,8,アビー・ワイツェル,アメリカ,24.41
145,競泳,女子100m自由形,1,エマ・マキオン,オーストラリア,51.96
146,競泳,女子100m自由形,2,何詩蓓,香港,52.27
147,競泳,女子100m自由形,3,ケート・キャンベル,オーストラリア,52.52
148,競泳,女子100m自由形,4,ペニー・オレクシアク,カナダ,52.59
149,競泳,女子100m自由形,5,サラ・ショーストロム,スウェーデン,52.68
150,競泳,女子100m自由形,6,フェムケ・ヘームスケルク,オランダ,52.79
151,競泳,女子100m自由形,7,アナ・ホプキン,イギリス,52.83
152,競泳,女子100m自由形,8,アビー・ワイツェル,アメリカ,53.23
153,競泳,女子200m自由形,1,アリアーン・ティトムス,オーストラリア,1:53.50
154,競泳,女子200m自由形,2,何詩蓓,香港,1:53.92
155,競泳,女子200m自由形,3,ペニー・オレクシアク,カナダ,1:54.70
156,競泳,女子200m自由形,4,楊浚瑄,中国,1:55.01
157,競泳,女子200m自由形,5,ケイティ・レデッキー,アメリカ,1:55.21
158,競泳,女子200m自由形,6,バルボラ・セマノバ,チェコ,1:55.45
159,競泳,女子200m自由形,7,フェデリカ・ペレグリニ,イタリア,1:55.91
160,競泳,女子200m自由形,8,マディソン・ウィルソン,オーストラリア,1:56.39
161,競泳,女子400m自由形,1,アリアーン・ティトムス,オーストラリア,3:56.69
162,競泳,女子400m自由形,2,ケイティ・レデッキー,アメリカ,3:57.36
163,競泳,女子400m自由形,3,李氷潔,中国,4:01.08
164,競泳,女子400m自由形,4,サマー・マッキントッシュ,カナダ,4:02.42
165,競泳,女子400m自由形,5,湯慕涵,中国,4:04.10
166,競泳,女子400m自由形,6,イザベル・ゴゼ,ドイツ,4:04.98
167,競泳,女子400m自由形,7,ページ・マッデン,アメリカ,4:06.81
168,競泳,女子400m自由形,8,エリカ・フェアウェザー,ニュージーランド,4:08.01
169,競泳,女子800m自由形,1,ケイティ・レデッキー,アメリカ,8:12.57
170,競泳,女子800m自由形,2,アリアーン・ティトムス,オーストラリア,8:13.83
171,競泳,女子800m自由形,3,シモーナ・クアダレラ,イタリア,8:18.35
172,競泳,女子800m自由形,4,ケーティ・グライムズ,アメリカ,8:19.38
173,競泳,女子800m自由形,5,王簡嘉禾,中国,8:21.93
174,競泳,女子800m自由形,6,キア・メルバートン,オーストラリア,8:22.25
175,競泳,女子800m自由形,7,ザラ・ケーラー,ドイツ,8:24.56
176,競泳,女子800m自由形,8,アナスタシア・キルピチニコワ,ROC,8:26.30
177,競泳,女子1500m自由形,1,ケイティ・レデッキー,アメリカ,15:37.34
178,競泳,女子1500m自由形,2,エリカ・サリバン,アメリカ,15:41.41
179,競泳,女子1500m自由形,3,ザラ・ケーラー,ドイツ,15:42.91
180,競泳,女子1500m自由形,4,王簡嘉禾,中国,15:46.37
181,競泳,女子1500m自由形,5,シモーナ・クアダレラ,イタリア,15:53.97
182,競泳,女子1500m自由形,6,キア・メルバートン,オーストラリア,16:00.36
183,競泳,女子1500m自由形,7,アナスタシア・キルピチニコワ,ROC,16:00.38
184,競泳,女子1500m自由形,8,マディ・ゴフ,オーストラリア,16:05.81
185,競泳,女子100m背泳ぎ,1,ケーリー・マキオン,オーストラリア,57.47
186,競泳,女子100m背泳ぎ,2,カイリー・マス,カナダ,57.72
187,競泳,女子100m背泳ぎ,3,リーガン・スミス,アメリカ,58.05
188,競泳,女子100m背泳ぎ,4,ライアンエリザベス・ホワイト,アメリカ,58.43
189,競泳,女子100m背泳ぎ,5,エミリー・シーボム,オーストラリア,58.45
190,競泳,女子100m背泳ぎ,6,キャスリーン・ドーソン,イギリス,58.70
191,競泳,女子100m背泳ぎ,7,キラ・トゥサン,オランダ,59.11
192,競泳,女子100m背泳ぎ,8,アナスタシア・ゴルベンコ,イスラエル,59.53
193,競泳,女子200m背泳ぎ,1,ケーリー・マキオン,オーストラリア,2:04.68
194,競泳,女子200m背泳ぎ,2,カイリー・マス,カナダ,2:05.42
195,競泳,女子200m背泳ぎ,3,エミリー・シーボム,オーストラリア,2:06.17
196,競泳,女子200m背泳ぎ,4,ライアンエリザベス・ホワイト,アメリカ,2:06.39
197,競泳,女子200m背泳ぎ,5,フィービー・ベーコン,アメリカ,2:06.40
198,競泳,女子200m背泳ぎ,6,テーラー・ラック,カナダ,2:08.24
199,競泳,女子200m背泳ぎ,7,彭旭瑋,中国,2:08.26
200,競泳,女子200m背泳ぎ,8,柳雅欣,中国,2:08.48
201,競泳,女子100m平泳ぎ,1,リディア・ジャコビー,アメリカ,1:04.95
202,競泳,女子100m平泳ぎ,2,タチアナ・スクンマカー,南アフリカ,1:05.22
203,競泳,女子100m平泳ぎ,3,リリー・キング,アメリカ,1:05.54
204,競泳,女子100m平泳ぎ,4,エフゲニーア・チクノワ,ROC,1:05.90
205,競泳,女子100m平泳ぎ,5,ユリア・エフィモワ,ROC,1:06.02
206,競泳,女子100m平泳ぎ,6,ソフィー・ハンソン,スウェーデン,1:06.07
207,競泳,女子100m平泳ぎ,7,マルティナ・カラーロ,イタリア,1:06.19
208,競泳,女子100m平泳ぎ,8,モナ・マクシャリー,アイルランド,1:06.94
209,競泳,女子200m平泳ぎ,1,タチアナ・スクンマカー,南アフリカ,2:18.95
210,競泳,女子200m平泳ぎ,2,リリー・キング,アメリカ,2:19.92
211,競泳,女子200m平泳ぎ,3,アニー・レーザー,アメリカ,2:20.84
212,競泳,女子200m平泳ぎ,4,エフゲニーア・チクノワ,ROC,2:20.88
213,競泳,女子200m平泳ぎ,5,ケーリーン・コーベット,南アフリカ,2:22.06
214,競泳,女子200m平泳ぎ,6,モリー・レンショー,イギリス,2:22.65
215,競泳,女子200m平泳ぎ,7,アビー・ウッド,イギリス,2:23.72
216,競泳,女子200m平泳ぎ,8,ファニー・レクリュース,ベルギー,2:24.57
217,競泳,女子100mバタフライ,1,マーガレット・マクニール,カナダ,55.59
218,競泳,女子100mバタフライ,2,張雨霏,中国,55.64
219,競泳,女子100mバタフライ,3,エマ・マキオン,オーストラリア,55.72
220,競泳,女子100mバタフライ,4,トーリ・ハスケ,アメリカ,55.73
221,競泳,女子100mバタフライ,5,ルイース・ハンソン,スウェーデン,56.22
222,競泳,女子100mバタフライ,6,マリ・ワテル,フランス,56.27
223,競泳,女子100mバタフライ,7,サラ・ショーストロム,スウェーデン,56.91
224,競泳,女子100mバタフライ,8,アナスタシア・シクルダイ,ペラルーシ,57.05
225,競泳,女子200mバタフライ,1,張雨霏,中国,2:03.86
226,競泳,女子200mバタフライ,2,リーガン・スミス,アメリカ,2:05.30
227,競泳,女子200mバタフライ,3,ハリ・フリッキンガー,アメリカ,2:05.65
228,競泳,女子200mバタフライ,4,ボグラルカ・カパシュ,ハンガリー,2:06.53
229,競泳,女子200mバタフライ,5,スベトラーナ・チムロワ,ROC,2:07.70
230,競泳,女子200mバタフライ,6,兪李姸,中国,2:07.85
231,競泳,女子200mバタフライ,7,アリスマーガレット・トーマス,イギリス,2:07.90
232,競泳,女子200mバタフライ,8,ブリアナ・スロセル,オーストラリア,2:09.48
233,競泳,女子200m個人メドレー,1,大橋悠依,日本,2:08.52
234,競泳,女子200m個人メドレー,2,アレックス・ウォルシュ,アメリカ,2:08.65
235,競泳,女子200m個人メドレー,3,ケート・ダグラス,アメリカ,2:09.04
236,競泳,女子200m個人メドレー,4,アビー・ウッド,イギリス,2:09.15
237,競泳,女子200m個人メドレー,5,余依婷,中国,2:09.57
238,競泳,女子200m個人メドレー,6,シドニー・ピクレム,カナダ,2:10.05
239,競泳,女子200m個人メドレー,7,カティンカ・ホッスー,ハンガリー,2:12.38
240,競泳,女子200m個人メドレー,8,アリシア・ウィルソン,イギリス,2:12.86
241,競泳,女子400m個人メドレー,1,大橋悠依,日本,4:32.08
242,競泳,女子400m個人メドレー,2,エマ・ウェイアント,アメリカ,4:32.76
243,競泳,女子400m個人メドレー,3,ハリ・フリッキンガー,アメリカ,4:34.90
244,競泳,女子400m個人メドレー,4,ミレイア・ベルモンテ,スペイン,4:35.13
245,競泳,女子400m個人メドレー,5,カティンカ・ホッスー,ハンガリー,4:35.98
246,競泳,女子400m個人メドレー,6,ビクトリア・ミハーイバーリファルカシュ,ハンガリー,4:37.75
247,競泳,女子400m個人メドレー,7,エーミー・ウィルモット,イギリス,4:38.30
248,競泳,女子400m個人メドレー,8,イラリア・クシナト,イタリア,4:40.65
249,競泳,女子4×100mリレー,1,"ブロンテ・キャンベル,
メグ・ハリス,
エマ・マキオン,
ケート・キャンベル",オーストラリア,3:29.69
250,競泳,女子4×100mリレー,2,"ケーラ・サンチェス,
マーガレット・マクニール,
レベッカ・スミス,
ペニー・オレクシアク",カナダ,3:32.78
251,競泳,女子4×100mリレー,3,"エリカ・ブラウン,
アビー・ワイツェル,
ナタリー・ハインズ,
シモーン・マニュエル",アメリカ,3:32.81
252,競泳,女子4×100mリレー,4,"キム・ブッシュ,
ラノミ・クロモウィジョヨ,
キラ・トゥサン,
フェムケ・ヘームスケルク",オランダ,3:33.70
253,競泳,女子4×100mリレー,5,"アナ・ホプキン,
アビー・ウッド,
ルーシー・ホープ,
フレイア・アンダーソン",イギリス,3:33.96
254,競泳,女子4×100mリレー,6,"サラ・ショーストロム,
ミシェル・コールマン,
ルイース・ハンソン,
ソフィー・ハンソン",スウェーデン,3:34.69
255,競泳,女子4×100mリレー,7,"程玉潔,
朱夢恵,
艾衍含,
呉卿風",中国,3:34.76
256,競泳,女子4×100mリレー,8,"ペニレ・ブルム,
シグネ・ブロ,
ユリーケップ・イエンセン,
ヤネッテ・オッテセン",デンマーク,3:35.70
257,競泳,女子4×200mリレー,1,"楊浚瑄,
湯慕涵,
張雨霏,
李氷潔",中国,7:40.33
258,競泳,女子4×200mリレー,2,"アリソン・シュミット,
ページ・マッデン,
キャスリン・マクラフリン,
ケイティ・レデッキー",アメリカ,7:40.73
259,競泳,女子4×200mリレー,3,"アリアーン・ティトムス,
エマ・マキオン,
マディソン・ウィルソン,
リア・ニール",オーストラリア,7:41.29
260,競泳,女子4×200mリレー,4,"サマー・マッキントッシュ,
レベッカ・スミス,
ケーラ・サンチェス,
ペニー・オレクシアク",カナダ,7:43.77
261,競泳,女子4×200mリレー,5,"アンナ・エゴロワ,
ワレリア・サラマチナ,
ベロニカ・アンドルセンコ,
アナスタシア・グジェンコワ",ROC,7:52.15
262,競泳,女子4×200mリレー,6,"イザベル・ゴゼ,
レオニーマルレン・クルマン,
マリー・ピートルシュカ,
アニカ・ブルーン",ドイツ,7:53.89
263,競泳,女子4×200mリレー,7,"ジュジャンナ・ヤカボシュ,
ラウラ・ベレシュ,
アイナ・ケシェイ,
ボグラルカ・カパシュ",ハンガリー,7:56.62
264,競泳,女子4×200mリレー,8,"シャルロット・ボネ,
アシア・トゥアティ,
ルシル・テサリオル,
マルゴー・ファブル",フランス,7:58.15
265,競泳,女子4×100mメドレーリレー,1,"ケーリー・マキオン,
チェルシー・ホッジス,
エマ・マキオン,
ケート・キャンベル",オーストラリア,3:51.60
266,競泳,女子4×100mメドレーリレー,2,"リーガン・スミス,
リディア・ジャコビー,
トーリ・ハスケ,
アビー・ワイツェル",アメリカ,3:51.73
267,競泳,女子4×100mメドレーリレー,3,"カイリー・マス,
シドニー・ピクレム,
マーガレット・マクニール,
ペニー・オレクシアク",カナダ,3:52.60
268,競泳,女子4×100mメドレーリレー,4,"彭旭瑋,
唐銭婷,
張雨霏,
楊浚瑄",中国,3:54.13
269,競泳,女子4×100mメドレーリレー,5,"ミシェル・コールマン,
ソフィー・ハンソン,
ルイース・ハンソン,
サラ・ショーストロム",スウェーデン,3:54.27
270,競泳,女子4×100mメドレーリレー,6,"マルゲリータ・パンツィエラ,
マルティナ・カラーロ,
エレナ・ディリド,
フェデリカ・ペレグリニ",イタリア,3:56.68
271,競泳,女子4×100mメドレーリレー,7,"マリア・カメネワ,
エフゲニーア・チクノワ,
スベトラーナ・チムロワ,
アリナ・スルコワ",ROC,3:56.93
272,競泳,女子4×100mメドレーリレー,8,"小西杏奈,
渡部香生子,
池江璃花子,
五十嵐千尋",日本,3:58.12
273,競泳,混合4×100mメドレーリレー,1,"キャスリーン・ドーソン,
アダム・ピーティ,
ジェームズ・ガイ,
アナ・ホプキン",イギリス,3:37.58
274,競泳,混合4×100mメドレーリレー,2,"徐嘉余,
閻子貝,
張雨霏,
楊浚瑄",中国,3:38.86
275,競泳,混合4×100mメドレーリレー,3,"ケーリー・マキオン,
イザーク・スタブルティクック,
マシュー・テンプル,
エマ・マキオン",オーストラリア,3:38.95
276,競泳,混合4×100mメドレーリレー,4,"トマス・チェコン,
ニコロ・マルティネンギ,
エレナ・ディリド,
フェデリカ・ペレグリニ",イタリア,3:39.28
277,競泳,混合4×100mメドレーリレー,5,"ライアン・マーフィー,
リディア・ジャコビー,
トーリ・ハスケ,
ケーレブ・ドレセル",アメリカ,3:40.58
278,競泳,混合4×100mメドレーリレー,6,"キラ・トゥサン,
アルノ・カミンハ,
ナイルス・コルスタネ,
フェムケ・ヘームスケルク",オランダ,3:41.25
279,競泳,混合4×100mメドレーリレー,7,"エフゲニー・リロフ,
キリル・プリゴダ,
スベトラーナ・チムロワ,
マリア・カメネワ",ROC,3:42.45
280,競泳,混合4×100mメドレーリレー,8,"アナスタシア・ゴルベンコ,
イタイ・ゴルドファデン,
ガル・コーヘングルーミ,
アンドレア・ムレズ",イスラエル,3:44.77
281,飛び込み,男子板飛び込み,1,謝思埸,中国,558.75
282,飛び込み,男子板飛び込み,2,王宗源,中国,534.90
283,飛び込み,男子板飛び込み,3,ジャック・ロアー,イギリス,518.00
284,飛び込み,男子板飛び込み,4,禹ハラム,韓国,481.85
285,飛び込み,男子板飛び込み,5,エフゲニー・クズネツォフ,ROC,461.90
286,飛び込み,男子板飛び込み,6,ロメル・パチェコマルフォ,メキシコ,428.75
287,飛び込み,男子板飛び込み,7,マルティン・ウォルフラム,ドイツ,426.75
288,飛び込み,男子板飛び込み,8,アントン・ダウンジェンキンス,ニュージーランド,415.60
289,飛び込み,男子高飛び込み,1,曹縁,中国,582.35
290,飛び込み,男子高飛び込み,2,楊健,中国,580.40
291,飛び込み,男子高飛び込み,3,トーマス・デーリー,イギリス,548.25
292,飛び込み,男子高飛び込み,4,アレクサンドル・ボンダル,ROC,514.50
293,飛び込み,男子高飛び込み,5,ビクトル・ミニバエフ,ROC,495.85
294,飛び込み,男子高飛び込み,6,オレクシー・セレダ,ウクライナ,461.70
295,飛び込み,男子高飛び込み,7,玉井陸斗,日本,431.95
296,飛び込み,男子高飛び込み,8,カシエル・ルソー,オーストラリア,430.35
297,飛び込み,男子シンクロ板飛び込み,1,"王宗源,
謝思埸",中国,467.82
298,飛び込み,男子シンクロ板飛び込み,2,"アンドルー・カポビアンコ,
マイク・ヒクソン",アメリカ,444.36
299,飛び込み,男子シンクロ板飛び込み,3,"パトリック・ハウスディンク,
ラルス・リュディガー",ドイツ,404.73
300,飛び込み,男子シンクロ板飛び込み,4,"ジャエル・カスティジョウエルタ,
フアンマヌエル・セラジャエルナンデス",メキシコ,400.14
301,飛び込み,男子シンクロ板飛び込み,5,"坂井丞,
寺内健",日本,393.93
302,飛び込み,男子シンクロ板飛び込み,6,"ロレンツォ・マルサリア,
ジョバンニ・トッチ",イタリア,388.05
303,飛び込み,男子シンクロ板飛び込み,7,"ダニエル・グッドフェロー,
ジャック・ロアー",イギリス,382.80
304,飛び込み,男子シンクロ板飛び込み,8,"エフゲニー・クズネツォフ,
ニキータ・シュレイヘル",ROC,331.08
305,飛び込み,男子シンクロ高飛び込み,1,"トーマス・デーリー,
マティ・リー",イギリス,471.81
306,飛び込み,男子シンクロ高飛び込み,2,"曹縁,
陳艾森",中国,470.58
307,飛び込み,男子シンクロ高飛び込み,3,"アレクサンドル・ボンダル,
ビクトル・ミニバエフ",ROC,439.92
308,飛び込み,男子シンクロ高飛び込み,4,"ホセ・バジエサイサイアス,
ケビン・ベルリンレジェス",メキシコ,407.31
309,飛び込み,男子シンクロ高飛び込み,5,"バンサン・リアンドー,
ネーサン・ゾンボルマレー",カナダ,405.00
310,飛び込み,男子シンクロ高飛び込み,6,"オレフ・セルビン,
オレクシー・セレダ",ウクライナ,400.44
311,飛び込み,男子シンクロ高飛び込み,7,"金栄南,
禹ハラム",韓国,396.12
312,飛び込み,男子シンクロ高飛び込み,8,"伊藤洸輝,
村上和基",日本,377.10
313,飛び込み,女子板飛び込み,1,施廷懋,中国,383.50
314,飛び込み,女子板飛び込み,2,王涵,中国,348.75
315,飛び込み,女子板飛び込み,3,クリスタ・パーマー,アメリカ,343.75
316,飛び込み,女子板飛び込み,4,ヌルダビタ・サブリ,マレーシア,326.15
317,飛び込み,女子板飛び込み,5,インヘ・ヤンセン,オランダ,311.05
318,飛び込み,女子板飛び込み,6,アランサ・バスケスモンタニョ,メキシコ,303.45
319,飛び込み,女子板飛び込み,7,ティナ・プンツェル,ドイツ,302.95
320,飛び込み,女子板飛び込み,8,ジェニファー・アベル,カナダ,297.45
321,飛び込み,女子高飛び込み,1,全紅嬋,中国,466.20
322,飛び込み,女子高飛び込み,2,陳芋汐,中国,425.40
323,飛び込み,女子高飛び込み,3,メリッサ・ウー,オーストラリア,371.40
324,飛び込み,女子高飛び込み,4,ガブリエラ・アグンデスガルシア,メキシコ,358.50
325,飛び込み,女子高飛び込み,5,デレーニー・シュネル,アメリカ,340.40
326,飛び込み,女子高飛び込み,6,アレハンドラ・オロスコロサ,メキシコ,322.05
327,飛び込み,女子高飛び込み,7,アンドレア・スペンドリーニシリエックス,イギリス,305.50
328,飛び込み,女子高飛び込み,8,エレナ・ワッセン,ドイツ,291.90
329,飛び込み,女子シンクロ板飛び込み,1,"施廷懋,
王涵",中国,326.40
330,飛び込み,女子シンクロ板飛び込み,2,"ジェニファー・アベル,
メリッサ・シトリニボリュ",カナダ,300.78
331,飛び込み,女子シンクロ板飛び込み,3,"レナ・ヘンチェル,
ティナ・プンツェル",ドイツ,284.97
332,飛び込み,女子シンクロ板飛び込み,4,"ドロレス・エルナンデスモンソン,
カロリナ・メンドサエルナンデス",メキシコ,275.10
333,飛び込み,女子シンクロ板飛び込み,5,"榎本遼香,
宮本葉月",日本,269.40
334,飛び込み,女子シンクロ板飛び込み,6,"グレース・リード,
キャサリン・トランス",イギリス,269.10
335,飛び込み,女子シンクロ板飛び込み,7,"エレナ・ベルトッキ,
キアラ・ペラカニ",イタリア,267.48
336,飛び込み,女子シンクロ板飛び込み,8,"アリソン・ギブソン,
クリスタ・パーマー",アメリカ,263.49
337,飛び込み,女子シンクロ高飛び込み,1,"陳芋汐,
張家斉",中国,363.78
338,飛び込み,女子シンクロ高飛び込み,2,"ジェシカ・パラット,
デレーニー・シュネル",アメリカ,310.80
339,飛び込み,女子シンクロ高飛び込み,3,"ガブリエラ・アグンデスガルシア,
アレハンドラ・オロスコロサ",メキシコ,299.70
340,飛び込み,女子シンクロ高飛び込み,4,"メーガン・ベンフィート,
ケーリ・マッケイ",カナダ,299.16
341,飛び込み,女子シンクロ高飛び込み,5,"ティナ・プンツェル,
クリスティナ・ワッセン",ドイツ,292.86
342,飛び込み,女子シンクロ高飛び込み,6,"荒井祭里,
板橋美波",日本,291.42
343,飛び込み,女子シンクロ高飛び込み,7,"イーデン・チェン,
ロイス・トゥールソン",イギリス,289.26
344,飛び込み,女子シンクロ高飛び込み,8,"ムンイー・ロン,
パンデレラ・パム",マレーシア,277.98
345,水球,男子,1,"ミラン・アレクシッチ,
ニコラ・デドビッチ,
フィリプ・フィリポビッチ,
ニコラ・ヤクシッチ,
ジョルジェ・ラジッチ,
ドゥシャン・マンディッチ,
ブラニスラフ・ミトロビッチ,
ステファン・ミトロビッチ,
ドゥシュコ・ピエトロビッチ,
ゴイコ・ピエトロビッチ,
アンドリア・プルライノビッチ,
サバ・ランデロビッチ,
ストラヒニャ・ラソビッチ",セルビア,
346,水球,男子,2,"スティリアノス・アルギロプロスカナカキス,
ヨルギオス・デルビシス,
イオアニス・フォントゥリス,
コンスタンティノス・ガラニディス,
コンスタンティノス・ゲニドゥニアス,
コンスタンティノス・グルベシス,
マリオス・カポトシス,
クリストドゥロス・コロンボス,
コンスタンティノス・ムリキス,
アレクサンドロス・パパナスタシウ,
ディミトリオス・スクンパキス,
アンゲロス・ブラコプロス,
エマヌイル・ゼルデバス",ギリシャ,
347,水球,男子,3,"ダニエル・アンギャル,
バラージュ・エルデイ,
バラージュ・ハライ,
ノルベルト・ホシュニャースキ,
シラルド・ヤンシク,
クリスティアン・マンヘルツ,
タマシュ・メゼイ,
ビクトル・ナジ,
マチャシュ・パストル,
マルトン・バモシュ,
デネシュ・バルガ,
ソマ・フォーゲル,
ゲルゴ・ザランキ",ハンガリー,
348,水球,男子,4,"ウナイ・アギレ,
アレハンドロ・ブストスサンチェス,
マルティン・ファメラ,
フランシスコ・フェルナンデスミランダ,
アルバロ・グラナドスオルテガ,
マルク・ラルンベゴンファウス,
ダニエル・ロペスピネド,
ブライ・マリャラクグエル,
アルベルト・ムナリスエガナ,
フェリペ・ペロネロチャ,
ベルナト・サナフハ,
ロヘル・タフルコンプテ,
ミゲル・デトロドミンゲス",スペイン,
349,水球,男子,5,"マルコ・ビヤチ,
ルカ・ブキッチ,
アンドロ・ブスリエ,
ロレン・ファトビッチ,
ハビエル・ガルチアガデア,
マロ・ヨコビッチ,
ルカ・ロンチャル,
マルコ・マチャン,
イバンドマゴイ・マルセリッチ,
ロブレ・ミロス,
パウロ・オブラドビッチ,
ヨシプ・ブルリッチ,
アンテ・ブキチェビッチ",クロアチア,
350,水球,男子,6,"アレックス・ボーウェン,
ルーカ・クピド,
ハネス・ドーベ,
ベン・ハロック,
ドルー・ホランド,
ジョニー・フーパー,
マックス・アービング,
アレックス・オーバート,
ジェシー・スミス,
ベン・スティーブンソン,
マーコ・バビク,
アレックス・ウォルフ,
ディラン・ウッドヘッド",アメリカ,
351,水球,男子,7,"マテオ・アイカルディ,
ミヒャエルアレクサンドレ・ボデガス,
ビンチェンツォ・ドルチェ,
マルコ・デルルンゴ,
フランチェスコ・ディフルビオ,
ゴンツァロ・エチェニケ,
ニッコロ・フィガリ,
ピエトロ・フィリョリ,
ステファノ・ルオンゴ,
ジャンマルコ・ニコシア,
ニコラス・プレシュッティ,
ビンチェンツォ・レンズトイオディチェ,
アレサンドロ・ベロット",イタリア,
352,水球,男子,8,"デュサン・バニチェビッチ,
ドラシュコ・ブルグリャン,
ウロス・クッコビッチ,
アレクサンダル・イボビッチ,
スラベン・カンディッチ,
デュサン・マトコビッチ,
ミロスラフ・ペルコビッチ,
マルコ・ペトコビッチ,
ブラド・ポパディッチ,
ブラダン・スパイッチ,
ペタル・テサノビッチ,
アレクサ・ウクロピナ,
ステファン・ビドビッチ",モンテネグロ,
353,水球,女子,1,"レイチェル・ファタル,
アリア・フィッシャー,
マケンジー・フィッシャー,
カリー・ギルクリスト,
ステファニー・ハララビディス,
ページ・ハウシルド,
アシュリー・ジョンソン,
アマンダ・ロンガン,
マデリン・ムセルマン,
ジェイミー・ノイシュル,
メリッサ・セードマン,
マーガレット・ステファンズ,
アリス・ウィリアムズ",アメリカ,
354,水球,女子,2,"マルタ・バク,
アンナ・エスパルイリャケト,
クララ・エスパルリャケト,
ラウラ・エステルラモス,
フディト・フォルカアリサ,
マイカ・ガルシアゴドイ,
イレネ・ゴンサレスロペス,
パウラ・レイトンアロネス,
ベア・オルティス,
ピリ・ペニャ,
エレナ・ルイス,
マリアエレナ・サンチェスゴンサレス,
ロセル・タラゴアイメリッチ",スペイン,
355,水球,女子,3,"エディナ・ガングル,
クリスティナ・ガルダ,
グレタ・グリシャッティ,
アニコー・ジェンヨッシー,
アンナ・イレシュ,
リタ・ケステリ,
ドラ・レイメテル,
アルダ・マギャリ,
レベッカ・パルケシュ,
ナターシャ・リバンシュカ,
ドロティア・シラギ,
ガブリエラ・スーチュ,
バンダ・バリ",ハンガリー,
356,水球,女子,4,"マリア・ベルスネバ,
アナスタシア・フェドトワ,
ナジェジダ・グリジナ,
エフゲニア・ゴロビナ,
エフゲニア・イワノワ,
エルビナ・カリモワ,
アンナ・カルナウフ,
エカテリーナ・プロコフィエワ,
アレナ・セルジャントワ,
アナスタシア・シマノビッチ,
エフゲニア・ソボレワ,
アンナ・ティモフェーワ,
ベロニカ・バヒトワ",ROC,
357,水球,女子,5,"アビー・アンドルーズ,
ゾイ・アランチーニ,
エル・アーミト,
ハナ・バックリング,
キーシ・ゴーファース,
ブロンテ・ハリガン,
マティルダエミリー・カーンズ,
ブロンウェン・ノックス,
レナ・ミハイロビッチ,
ガブリエラ・パーム,
エイミー・リッジ,
ローウィー・ウェブスター,
リー・ヤニツァス",オーストラリア,
358,水球,女子,6,"ダグマル・ヘニー,
キティ・ジュストラ,
マールトイエ・クーニング,
ヨアネ・クーンデルス,
イルセ・コールハース,
マウト・メーヘンス,
ビビアン・セベニフ,
ブリジッテ・スレーキング,
ノミ・ストンプホルスト,
デビー・ウィレムス,
イリス・ウォルベス,
シモネ・ファンデクラーツ,
サブリナ・ファンデルスルート",オランダ,
359,水球,女子,7,"ジョエル・ベカジ,
キラ・クリストマス,
アクセル・クレビエ,
モニカ・エゲンズ,
エリーゼ・ルメイラヴォワ,
ケリー・マッキー,
ヘーリー・マッケルビー,
キンドレド・ポール,
ガープリート・ソヒ,
クララ・ブルピシ,
クレール・ライト,
エマ・ライト,
シャエ・ラロシュ",カナダ,
360,水球,女子,8,"陳笑,
鄧沢文,
鹿訳文,
梅笑寒,
牛冠男,
彭林,
沈軼能,
王歓,
王歆艶,
熊敦瀚,
翟穎,
張丹奕,
張婧",中国,
361,マラソンスイミング,男子10km,1,フロリアン・ウェルブロック,ドイツ,1:48:33.7
362,マラソンスイミング,男子10km,2,クリシュトフ・ラショブスキ,ハンガリー,1:48:59.0
363,マラソンスイミング,男子10km,3,グレゴリオ・パルトリニエリ,イタリア,1:49:01.1
364,マラソンスイミング,男子10km,4,マタン・ロディティ,イスラエル,1:49:24.9
365,マラソンスイミング,男子10km,5,アタナシオス・キニガキス,ギリシャ,1:49:29.2
366,マラソンスイミング,男子10km,6,マルク　アントワヌ・オリビエ,フランス,1:50:23.0
367,マラソンスイミング,男子10km,7,フェリー・ウェールトマン,オランダ,1:51:30.8
368,マラソンスイミング,男子10km,8,マイケル・マグリン,南アフリカ,1:51:32.7
369,マラソンスイミング,女子10km,1,アナ・クニャ,ブラジル,1:59:30.8
370,マラソンスイミング,女子10km,2,シャロン・ファンラウエンダール,オランダ,1:59:31.7
371,マラソンスイミング,女子10km,3,カリーナ・リー,オーストラリア,1:59:32.5
372,マラソンスイミング,女子10km,4,アンナ・オラス,ハンガリー,1:59:34.8
373,マラソンスイミング,女子10km,5,レオニー・ベック,ドイツ,1:59:35.1
374,マラソンスイミング,女子10km,6,ヘーリー・アンダーソン,アメリカ,1:59:36.9
375,マラソンスイミング,女子10km,7,アシュリー・トゥウィチェル,アメリカ,1:59:37.9
376,マラソンスイミング,女子10km,8,辛鑫,中国,2:00:10.1
377,アーティスティックスイミング,女子デュエット,1,"スベトラーナ・コレスニチェンコ,
スベトラーナ・ロマシナ",ROC,195.9079
378,アーティスティックスイミング,女子デュエット,2,"黄雪辰,
孫文雁",中国,192.4499
379,アーティスティックスイミング,女子デュエット,3,"マルタ・フィエディナ,
アナスタシア・サフチュク",ウクライナ,189.4620
380,アーティスティックスイミング,女子デュエット,4,"乾友紀子,
吉田萌",日本,187.8166
381,アーティスティックスイミング,女子デュエット,5,"クラウディア・ホルツナー,
ジャクリーン・シモノー",カナダ,184.4798
382,アーティスティックスイミング,女子デュエット,6,"リンダ・チェルティ,
コスタンツァ・フェロ",イタリア,183.5702
383,アーティスティックスイミング,女子デュエット,7,"アンナマリア・アレクサンドリ,
エイリニ・アレクサンドリ",オーストリア,182.1773
384,アーティスティックスイミング,女子デュエット,8,"シャルロット・トレンブル,
ローラ・トレンブル",フランス,176.9807
385,アーティスティックスイミング,女子チーム,1,"ウラダ・チギレワ,
マリナ・ゴリアトキナ,
スベトラーナ・コレスニチェンコ,
ポリーナ・コマル,
アレクサンドラ・パツケビッチ,
スベトラーナ・ロマシナ,
アーラ・シシュキナ,
マリア・シュロチキナ",ROC,196.0979
386,アーティスティックスイミング,女子チーム,2,"馮雨,
咼俐,
黄雪辰,
梁馨枰,
孫文雁,
王芊懿,
肖雁寧,
尹成昕",中国,193.5310
387,アーティスティックスイミング,女子チーム,3,"マリナ・アレクシーワ,
ウラディスラワ・アレクシーワ,
マルタ・フィエディナ,
カテリナ・レズニク,
アナスタシア・サフチュク,
アリーナ・シンカレンコ,
クセニア・シドレンコ,
エリザベータ・ヤフノ",ウクライナ,190.3018
388,アーティスティックスイミング,女子チーム,4,"福村寿華,
乾友紀子,
木島萌香,
京極おきな,
塚本真由,
柳沢明希,
安永真白,
吉田萌",日本,188.3106
389,アーティスティックスイミング,女子チーム,5,"ベアトリーチェ・カレガリ,
ドミツィアナ・カバンナ,
リンダ・チェルティ,
フランチェスカ・デイッダ,
コスタンツァ・ディカミロ,
コスタンツァ・フェロ,
ジェンマ・ガリ,
エンリカ・ピッコリ",イタリア,184.1372
390,アーティスティックスイミング,女子チーム,6,"エミリー・アームストロング,
ロザリ・ボワソノー,
アンドレーアンヌ・コート,
カミーユ・フィオラディオン,
クラウディア・ホルツナー,
オードリー・ジョリー,
ハリー・プラット,
ジャクリーン・シモノー",カナダ,184.0325
391,アーティスティックスイミング,女子チーム,7,"オナ・カルボネルバリェステロ,
ベルタ・フェレラスサンス,
メリチェル・マスプハダス,
アリサ・オソヒナオソヒン,
パウラ・ラミレスイバニェス,
サラ・サルダニャロペス,
イリス・ティオカサス,
ブランカ・トレダノラウト",スペイン,181.9113
392,アーティスティックスイミング,女子チーム,8,"ライラ・モフセン,
ノラ・ナビラズミ,
ハナ・ヒエカル,
マリアム・アブダラ,
ファリダ・ラドワン,
ネハル・サーファン,
シャハド・アブダラ,
ジャイダ・シャラフ",エジプト,157.9147
